{
  "baseline": {
    "map50": 0.00773164861612515,
    "map": 0.0038255533184148385
  },
  "finetuned": {
    "map50": 0.8233622338755846,
    "map": 0.48981962437611815
  },
  "delta": {
    "map50": 0.8156305852594594,
    "map": 0.4859940710577033
  },
  "split": "test"
}